{
    "parent": "block/decoration/lantern/lantern",
    "display": {
        "thirdperson_righthand": {
            "rotation": [70, 0, 0],
            "translation": [0, -1.75, -1.25],
            "scale": [0.75, 0.75, 0.75]
        },
        "thirdperson_lefthand": {
            "rotation": [70, 0, 0],
            "translation": [0, -1.75, -1.25],
            "scale": [0.75, 0.75, 0.75]
        },
        "firstperson_righthand": {
            "rotation": [0, -100, 25],
            "translation": [1.13, 3.2, 1.13],
            "scale": [0.68, 0.68, 0.68]
        },
        "firstperson_lefthand": {
            "rotation": [0, -100, 25],
            "translation": [1.13, 3.2, 1.13],
            "scale": [0.68, 0.68, 0.68]
        },
        "ground": {
            "translation": [0, 3.5, 0],
            "scale": [0.75, 0.75, 0.75]
        },
        "gui": {
            "rotation": [30, 225, 0],
            "translation": [0, 3.25, 0],
            "scale": [1.2, 1.2, 1.2]
        },
        "head": {
            "translation": [0, 14, 0]
        },
        "fixed": {
            "rotation": [0, 180, 0],
            "translation": [0, 3, 0]
        }
    }
    }