{
	"display": {
		"icon": {
			"item": "minecraft:player_head",
			"nbt": "{SkullOwner:{Id:[I;0,0,0,0],Properties:{textures:[{Value:'eyJ0ZXh0dXJlcyI6eyJTS0lOIjp7InVybCI6Imh0dHA6Ly90ZXh0dXJlcy5taW5lY3JhZnQubmV0L3RleHR1cmUvNGVkOTk2MjgxODczN2UzZTcyMmI3YjgzZWRiZDIzZDU3ZTY2YTExOWY3ZGI3ZGYyZTJiNGNkZjdkOWI1ZWEzYyJ9fX0='}]}}}"
		},
		"title": "MrEnoX DataPacks",
		"frame": "challenge",
		"description": ["",{"text":"Thanks For Installing My DataPacks\n","color":"gold"},{"text":":)","color":"yellow"}],
		"background": "minecraft:textures/block/black_concrete.png",
		"show_toast": false,
		"announce_to_chat": false
	},
	"criteria": {
		"tick": {
			"trigger": "minecraft:tick"
		}
	}
}
