{
  "variants": {
    "hanging=false": [
	  { "model": "minecraft:block/soul_lantern_right0","weight": 50 },
	  { "model": "minecraft:block/soul_lantern_right1","weight": 50 },
	  { "model": "minecraft:block/soul_lantern_right2","weight": 50 },
	  { "model": "minecraft:block/soul_lantern_right3","weight": 50 },
	  { "model": "minecraft:block/soul_lantern_left0","weight": 50 },
	  { "model": "minecraft:block/soul_lantern_left1","weight": 50 },
	  { "model": "minecraft:block/soul_lantern_left2","weight": 50 },
	  { "model": "minecraft:block/soul_lantern_left3","weight": 50 }
    ],
   "hanging=true": [
	  { "model": "minecraft:block/soul_lantern_hanging_right0","weight": 50 },
	  { "model": "minecraft:block/soul_lantern_hanging_right1","weight": 50 },
	  { "model": "minecraft:block/soul_lantern_hanging_right2","weight": 50 },
	  { "model": "minecraft:block/soul_lantern_hanging_right3","weight": 50 },
	  { "model": "minecraft:block/soul_lantern_hanging_left0","weight": 50 },
	  { "model": "minecraft:block/soul_lantern_hanging_left1","weight": 50 },
	  { "model": "minecraft:block/soul_lantern_hanging_left2","weight": 50 },
	  { "model": "minecraft:block/soul_lantern_hanging_left3","weight": 50 }
    ]   	  
  }
}