{
  "parent": "item/generated",
  "overrides": [
    {
      "model": "minecraft:item/leather_helmet_quartz_trim",
      "predicate": {
        "trim_type": 0.1
      }
    },
    {
      "model": "minecraft:item/leather_helmet_iron_trim",
      "predicate": {
        "trim_type": 0.2
      }
    },
    {
      "model": "minecraft:item/leather_helmet_netherite_trim",
      "predicate": {
        "trim_type": 0.3
      }
    },
    {
      "model": "minecraft:item/leather_helmet_redstone_trim",
      "predicate": {
        "trim_type": 0.4
      }
    },
    {
      "model": "minecraft:item/leather_helmet_copper_trim",
      "predicate": {
        "trim_type": 0.5
      }
    },
    {
      "model": "minecraft:item/leather_helmet_gold_trim",
      "predicate": {
        "trim_type": 0.6
      }
    },
    {
      "model": "minecraft:item/leather_helmet_emerald_trim",
      "predicate": {
        "trim_type": 0.7
      }
    },
    {
      "model": "minecraft:item/leather_helmet_diamond_trim",
      "predicate": {
        "trim_type": 0.8
      }
    },
    {
      "model": "minecraft:item/leather_helmet_lapis_trim",
      "predicate": {
        "trim_type": 0.9
      }
    },
    {
      "model": "minecraft:item/leather_helmet_amethyst_trim",
      "predicate": {
        "trim_type": 1.0
      }
    }
  ],
  "textures": {
    "layer0": "item/leather_helmet",
    "layer1": "minecraft:item/leather_helmet_overlay"
  },
  "display": {
      "thirdperson_righthand": {
          "rotation": [ 0, 0, 0 ],
          "translation": [ 0, 1.5, 1 ],
          "scale": [ 0.55, 0.55, 0.55 ]
      },
      "firstperson_righthand": {
          "rotation": [ 0, -90, 25 ],
          "translation": [ 1, 2.5, 1 ],
          "scale": [ 0.68, 0.68, 0.68 ]
      }
    }
}