{
	"credit": "Made by Spryzeen",
	"parent": "block/block",
	"textures": {
		"1": "block/soul_lantern_inside",
		"particle": "block/soul_lantern",
		"lantern": "block/soul_lantern"
	},
	"elements": [
		{
			"from": [6, 8, 6],
			"to": [10, 10, 10],
			"faces": {
				"north": {"uv": [1, 0, 5, 2], "texture": "#lantern"},
				"east": {"uv": [1, 0, 5, 2], "texture": "#lantern"},
				"south": {"uv": [1, 0, 5, 2], "texture": "#lantern"},
				"west": {"uv": [1, 0, 5, 2], "texture": "#lantern"},
				"up": {"uv": [1, 10, 5, 14], "texture": "#lantern"},
				"down": {"uv": [1, 10, 5, 14], "texture": "#lantern"}
			}
		},
		{
			"from": [6.5, 11, 8],
			"to": [9.5, 15, 8],
			"shade": false,
			"rotation": {"angle": 45, "axis": "y", "origin": [8, 8, 8]},
			"faces": {
				"north": {"uv": [14, 1, 11, 5], "texture": "#lantern"},
				"south": {"uv": [11, 1, 14, 5], "texture": "#lantern"}
			}
		},
		{
			"from": [8, 10, 6.5],
			"to": [8, 16, 9.5],
			"shade": false,
			"rotation": {"angle": 45, "axis": "y", "origin": [8, 8, 8]},
			"faces": {
				"east": {"uv": [11, 6, 14, 12], "texture": "#lantern"},
				"west": {"uv": [14, 6, 11, 12], "texture": "#lantern"}
			}
		},
		{
			"from": [5, 7, 5],
			"to": [11, 8, 11],
			"faces": {
				"north": {"uv": [0, 2, 6, 3], "texture": "#lantern"},
				"east": {"uv": [0, 2, 6, 3], "texture": "#lantern"},
				"south": {"uv": [0, 2, 6, 3], "texture": "#lantern"},
				"west": {"uv": [0, 2, 6, 3], "texture": "#lantern"},
				"up": {"uv": [0, 9, 6, 15], "texture": "#lantern"},
				"down": {"uv": [0, 9, 6, 15], "texture": "#lantern", "cullface": "down"}
			}
		},
		{
			"from": [6, 2, 9.8],
			"to": [9.8, 7, 9.8],
			"rotation": {"angle": 0, "axis": "y", "origin": [8, 1, 8]},
			"faces": {
				"north": {"uv": [11, 1, 7, 6], "texture": "#1"},
				"east": {"uv": [0, 0, 0, 5], "texture": "#1"},
				"south": {"uv": [7, 1, 11, 6], "texture": "#1"},
				"west": {"uv": [0, 0, 0, 5], "texture": "#1"},
				"up": {"uv": [0, 0, 0, 3.8], "rotation": 270, "texture": "#1"},
				"down": {"uv": [0, 0, 0, 3.8], "rotation": 90, "texture": "#1"}
			}
		},
		{
			"from": [6.2, 2, 6.2],
			"to": [10, 7, 6.2],
			"rotation": {"angle": 0, "axis": "y", "origin": [8, 1, 8]},
			"faces": {
				"north": {"uv": [10, 8, 14, 13], "texture": "#1"},
				"east": {"uv": [0, 0, 0, 5], "texture": "#1"},
				"south": {"uv": [14, 8, 10, 13], "texture": "#1"},
				"west": {"uv": [0, 0, 0, 5], "texture": "#1"},
				"up": {"uv": [0, 0, 0, 3.8], "rotation": 90, "texture": "#1"},
				"down": {"uv": [0, 0, 0, 3.8], "rotation": 270, "texture": "#1"}
			}
		},
		{
			"from": [9.8, 2, 6.2],
			"to": [9.8, 7, 10],
			"rotation": {"angle": 0, "axis": "y", "origin": [8, 1, 8]},
			"faces": {
				"north": {"uv": [0, 0, 0, 5], "texture": "#1"},
				"east": {"uv": [4, 8, 8, 13], "texture": "#1"},
				"south": {"uv": [0, 0, 0, 5], "texture": "#1"},
				"west": {"uv": [8, 8, 4, 13], "texture": "#1"},
				"up": {"uv": [0, 0, 0, 3.8], "rotation": 180, "texture": "#1"},
				"down": {"uv": [0, 0, 0, 3.8], "rotation": 180, "texture": "#1"}
			}
		},
		{
			"from": [6.2, 2, 6],
			"to": [6.2, 7, 9.8],
			"faces": {
				"north": {"uv": [0, 0, 0, 5], "texture": "#1"},
				"east": {"uv": [5, 1, 1, 6], "texture": "#1"},
				"south": {"uv": [0, 0, 0, 5], "texture": "#1"},
				"west": {"uv": [1, 1, 5, 6], "texture": "#1"},
				"up": {"uv": [0, 0, 0, 3.8], "texture": "#1"},
				"down": {"uv": [0, 0, 0, 3.8], "texture": "#1"}
			}
		},
		{
			"from": [6, 2, 5],
			"to": [10, 7, 5],
			"faces": {
				"north": {"uv": [1, 3, 5, 8], "texture": "#lantern"},
				"east": {"uv": [0, 0, 0, 5], "texture": "#lantern"},
				"south": {"uv": [0, 0, 0, 0], "texture": "#lantern"},
				"west": {"uv": [0, 0, 0, 5], "texture": "#lantern"},
				"up": {"uv": [0, 0, 4, 0], "texture": "#lantern"},
				"down": {"uv": [0, 0, 4, 0], "texture": "#lantern"}
			}
		},
		{
			"from": [11, 2, 6],
			"to": [11, 7, 10],
			"rotation": {"angle": 0, "axis": "y", "origin": [8, 1, 8]},
			"faces": {
				"north": {"uv": [0, 0, 0, 5], "texture": "#lantern"},
				"east": {"uv": [1, 3, 5, 8], "texture": "#lantern"},
				"south": {"uv": [0, 0, 0, 5], "texture": "#lantern"},
				"west": {"uv": [0, 0, 0, 0], "texture": "#lantern"},
				"up": {"uv": [0, 0, 4, 0], "rotation": 90, "texture": "#lantern"},
				"down": {"uv": [0, 0, 4, 0], "rotation": 270, "texture": "#lantern"}
			}
		},
		{
			"from": [5, 2, 6],
			"to": [5, 7, 10],
			"rotation": {"angle": 0, "axis": "y", "origin": [8, 1, 8]},
			"faces": {
				"north": {"uv": [0, 0, 0, 5], "texture": "#lantern"},
				"east": {"uv": [0, 0, 0, 0], "texture": "#lantern"},
				"south": {"uv": [0, 0, 0, 5], "texture": "#lantern"},
				"west": {"uv": [1, 3, 5, 8], "texture": "#lantern"},
				"up": {"uv": [0, 0, 4, 0], "rotation": 90, "texture": "#lantern"},
				"down": {"uv": [0, 0, 4, 0], "rotation": 270, "texture": "#lantern"}
			}
		},
		{
			"from": [6, 2, 11],
			"to": [10, 7, 11],
			"faces": {
				"north": {"uv": [0, 0, 0, 0], "texture": "#lantern"},
				"east": {"uv": [0, 0, 0, 5], "texture": "#lantern"},
				"south": {"uv": [1, 3, 5, 8], "texture": "#lantern"},
				"west": {"uv": [0, 0, 0, 5], "texture": "#lantern"},
				"up": {"uv": [0, 0, 4, 0], "texture": "#lantern"},
				"down": {"uv": [0, 0, 4, 0], "texture": "#lantern"}
			}
		},
		{
			"from": [5, 1, 5],
			"to": [11, 2, 11],
			"faces": {
				"north": {"uv": [0, 2, 6, 3], "texture": "#lantern"},
				"east": {"uv": [0, 2, 6, 3], "texture": "#lantern"},
				"south": {"uv": [0, 2, 6, 3], "texture": "#lantern"},
				"west": {"uv": [0, 2, 6, 3], "texture": "#lantern"},
				"up": {"uv": [0, 9, 6, 15], "texture": "#lantern"},
				"down": {"uv": [0, 9, 6, 15], "texture": "#lantern"}
			}
		},
		{
			"from": [5, 2, 5],
			"to": [6, 7, 6],
			"faces": {
				"north": {"uv": [5, 3, 6, 8], "texture": "#lantern"},
				"east": {"uv": [5, 3, 6, 8], "texture": "#lantern"},
				"south": {"uv": [5, 3, 6, 8], "texture": "#lantern"},
				"west": {"uv": [0, 3, 1, 8], "texture": "#lantern"},
				"up": {"uv": [0, 0, 0, 0], "texture": "#lantern"},
				"down": {"uv": [0, 0, 0, 0], "texture": "#lantern"}
			}
		},
		{
			"from": [5, 2, 10],
			"to": [6, 7, 11],
			"faces": {
				"north": {"uv": [5, 3, 6, 8], "texture": "#lantern"},
				"east": {"uv": [5, 3, 6, 8], "texture": "#lantern"},
				"south": {"uv": [5, 3, 6, 8], "texture": "#lantern"},
				"west": {"uv": [0, 3, 1, 8], "texture": "#lantern"},
				"up": {"uv": [0, 0, 0, 0], "texture": "#lantern"},
				"down": {"uv": [0, 0, 0, 0], "texture": "#lantern"}
			}
		},
		{
			"from": [10, 2, 10],
			"to": [11, 7, 11],
			"faces": {
				"north": {"uv": [5, 3, 6, 8], "texture": "#lantern"},
				"east": {"uv": [5, 3, 6, 8], "texture": "#lantern"},
				"south": {"uv": [5, 3, 6, 8], "texture": "#lantern"},
				"west": {"uv": [0, 3, 1, 8], "texture": "#lantern"},
				"up": {"uv": [0, 0, 0, 0], "texture": "#lantern"},
				"down": {"uv": [0, 0, 0, 0], "texture": "#lantern"}
			}
		},
		{
			"from": [10, 2, 5],
			"to": [11, 7, 6],
			"faces": {
				"north": {"uv": [5, 3, 6, 8], "texture": "#lantern"},
				"east": {"uv": [5, 3, 6, 8], "texture": "#lantern"},
				"south": {"uv": [5, 3, 6, 8], "texture": "#lantern"},
				"west": {"uv": [0, 3, 1, 8], "texture": "#lantern"},
				"up": {"uv": [0, 0, 0, 0], "texture": "#lantern"},
				"down": {"uv": [0, 0, 0, 0], "texture": "#lantern"}
			}
		}
	],
	"groups": [
		0,
		1,
		2,
		3,
		{
			"name": "inside",
			"origin": [8, 8, 8],
			"color": 0,
			"children": [4, 5, 6, 7]
		},
		{
			"name": "glass",
			"origin": [8, 8, 8],
			"color": 0,
			"children": [8, 9, 10, 11]
		},
		12,
		13,
		14,
		15,
		16
	]
}