{
	"credit": "Made with Blockbench",
	"textures": {
		"0": "3d/blocks/lantern/lantern/0",
		"particle": "3d/blocks/lantern/lantern/0"
	},
	"elements": [
		{
			"from": [6, 2, 6],
			"to": [10, 7, 10],
			"rotation": {"angle": 0, "axis": "y", "origin": [14, 10, 14]},
			"faces": {
				"north": {"uv": [1, 3, 5, 8], "texture": "#0"},
				"east": {"uv": [1, 3, 5, 8], "texture": "#0"},
				"south": {"uv": [1, 3, 5, 8], "texture": "#0"},
				"west": {"uv": [1, 3, 5, 8], "texture": "#0"}
			}
		},
		{
			"from": [5, 1.5, 5],
			"to": [11, 2, 11],
			"rotation": {"angle": 0, "axis": "y", "origin": [14, 9, 13]},
			"faces": {
				"north": {"uv": [0, 14, 6, 15], "texture": "#0"},
				"east": {"uv": [5, 9, 6, 15], "rotation": 90, "texture": "#0"},
				"south": {"uv": [0, 14, 6, 14.5], "texture": "#0"},
				"west": {"uv": [0, 9, 1, 15], "rotation": 90, "texture": "#0"},
				"up": {"uv": [0, 9, 6, 15], "texture": "#0"},
				"down": {"uv": [0, 9, 6, 15], "texture": "#0"}
			}
		},
		{
			"from": [10, 2, 5.2],
			"to": [10.8, 7, 6],
			"rotation": {"angle": 0, "axis": "y", "origin": [18, 10, 13]},
			"faces": {
				"north": {"uv": [0, 3, 1, 8], "texture": "#0"},
				"east": {"uv": [0, 3, 1, 8], "texture": "#0"},
				"south": {"uv": [0, 3, 1, 8], "texture": "#0"},
				"west": {"uv": [0, 3, 1, 8], "texture": "#0"}
			}
		},
		{
			"from": [5.2, 2, 5.2],
			"to": [6, 7, 6],
			"rotation": {"angle": 0, "axis": "y", "origin": [13, 10, 13]},
			"faces": {
				"north": {"uv": [0, 3, 1, 8], "texture": "#0"},
				"east": {"uv": [0, 3, 1, 8], "texture": "#0"},
				"south": {"uv": [0, 3, 1, 8], "texture": "#0"},
				"west": {"uv": [0, 3, 1, 8], "texture": "#0"}
			}
		},
		{
			"from": [5.2, 2, 10],
			"to": [6, 7, 10.8],
			"rotation": {"angle": 0, "axis": "y", "origin": [13, 10, 18]},
			"faces": {
				"north": {"uv": [0, 3, 1, 8], "texture": "#0"},
				"east": {"uv": [0, 3, 1, 8], "texture": "#0"},
				"south": {"uv": [0, 3, 1, 8], "texture": "#0"},
				"west": {"uv": [0, 3, 1, 8], "texture": "#0"}
			}
		},
		{
			"from": [10, 2, 10],
			"to": [10.8, 7, 10.8],
			"rotation": {"angle": 0, "axis": "y", "origin": [18, 10, 18]},
			"faces": {
				"north": {"uv": [0, 3, 1, 8], "texture": "#0"},
				"east": {"uv": [0, 3, 1, 8], "texture": "#0"},
				"south": {"uv": [0, 3, 1, 8], "texture": "#0"},
				"west": {"uv": [0, 3, 1, 8], "texture": "#0"}
			}
		},
		{
			"from": [5, 7, 5],
			"to": [11, 8, 11],
			"rotation": {"angle": 0, "axis": "y", "origin": [18, 15, 13]},
			"faces": {
				"north": {"uv": [0, 9, 6, 10], "texture": "#0"},
				"east": {"uv": [5, 9, 6, 15], "rotation": 90, "texture": "#0"},
				"south": {"uv": [0, 14, 6, 15], "texture": "#0"},
				"west": {"uv": [0, 9, 1, 15], "rotation": 90, "texture": "#0"},
				"up": {"uv": [0, 9, 6, 15], "texture": "#0"},
				"down": {"uv": [0, 9, 6, 15], "texture": "#0"}
			}
		},
		{
			"from": [6, 8, 6],
			"to": [10, 9, 10],
			"rotation": {"angle": 0, "axis": "y", "origin": [14, 16, 14]},
			"faces": {
				"north": {"uv": [1, 9, 5, 10], "texture": "#0"},
				"east": {"uv": [4, 10, 5, 14], "rotation": 90, "texture": "#0"},
				"south": {"uv": [1, 14, 5, 15], "texture": "#0"},
				"west": {"uv": [1, 10, 2, 14], "rotation": 90, "texture": "#0"},
				"up": {"uv": [1, 10, 5, 14], "texture": "#0"}
			}
		},
		{
			"from": [7, 8, 5],
			"to": [9, 9, 11],
			"rotation": {"angle": 0, "axis": "y", "origin": [15, 16, 13]},
			"faces": {
				"north": {"uv": [5, 11, 6, 13], "rotation": 90, "texture": "#0"},
				"east": {"uv": [2, 9, 3, 15], "rotation": 90, "texture": "#0"},
				"south": {"uv": [2, 14, 4, 15], "texture": "#0"},
				"west": {"uv": [3, 9, 4, 15], "rotation": 90, "texture": "#0"},
				"up": {"uv": [2, 9, 4, 15], "texture": "#0"}
			}
		},
		{
			"from": [7, 9, 6],
			"to": [9, 10, 10],
			"rotation": {"angle": 0, "axis": "y", "origin": [15, 17, 14]},
			"faces": {
				"north": {"uv": [2, 13, 4, 14], "texture": "#0"},
				"east": {"uv": [3, 10, 4, 14], "rotation": 90, "texture": "#0"},
				"south": {"uv": [2, 10, 4, 11], "texture": "#0"},
				"west": {"uv": [2, 10, 3, 14], "rotation": 90, "texture": "#0"},
				"up": {"uv": [2, 10, 4, 14], "texture": "#0"}
			}
		},
		{
			"from": [5, 8, 7],
			"to": [11, 9, 9],
			"rotation": {"angle": 0, "axis": "y", "origin": [3, 16, 15]},
			"faces": {
				"north": {"uv": [0, 11, 6, 12], "texture": "#0"},
				"east": {"uv": [5, 11, 6, 13], "texture": "#0"},
				"south": {"uv": [0, 12, 6, 13], "texture": "#0"},
				"west": {"uv": [0, 11, 1, 13], "texture": "#0"},
				"up": {"uv": [0, 11, 6, 13], "texture": "#0"}
			}
		},
		{
			"from": [6, 9, 7],
			"to": [10, 10, 9],
			"rotation": {"angle": 0, "axis": "y", "origin": [2, 17, 15]},
			"faces": {
				"north": {"uv": [1, 12, 5, 13], "texture": "#0"},
				"east": {"uv": [1, 11, 2, 13], "texture": "#0"},
				"south": {"uv": [1, 11, 5, 12], "texture": "#0"},
				"west": {"uv": [4, 11, 5, 13], "texture": "#0"},
				"up": {"uv": [1, 11, 5, 13], "texture": "#0"}
			}
		},
		{
			"from": [5, 1, 5],
			"to": [7, 2, 6],
			"rotation": {"angle": 0, "axis": "y", "origin": [13, 9, 13]},
			"faces": {
				"north": {"uv": [0, 9, 2, 10], "texture": "#0"},
				"east": {"uv": [0, 9, 1, 10], "texture": "#0"},
				"south": {"uv": [0, 9, 2, 10], "texture": "#0"},
				"west": {"uv": [0, 9, 1, 10], "texture": "#0"},
				"down": {"uv": [0, 9, 2, 10], "texture": "#0"}
			}
		},
		{
			"from": [9, 1, 5],
			"to": [11, 2, 6],
			"rotation": {"angle": 0, "axis": "y", "origin": [17, 9, 13]},
			"faces": {
				"north": {"uv": [0, 9, 2, 10], "texture": "#0"},
				"east": {"uv": [0, 9, 1, 10], "texture": "#0"},
				"south": {"uv": [0, 9, 2, 10], "texture": "#0"},
				"west": {"uv": [0, 9, 1, 10], "texture": "#0"},
				"down": {"uv": [0, 9, 2, 10], "texture": "#0"}
			}
		},
		{
			"from": [9, 1, 10],
			"to": [11, 2, 11],
			"rotation": {"angle": 0, "axis": "y", "origin": [17, 9, 18]},
			"faces": {
				"north": {"uv": [0, 9, 2, 10], "texture": "#0"},
				"east": {"uv": [0, 9, 1, 10], "texture": "#0"},
				"south": {"uv": [0, 9, 2, 10], "texture": "#0"},
				"west": {"uv": [0, 9, 1, 10], "texture": "#0"},
				"down": {"uv": [0, 9, 2, 10], "texture": "#0"}
			}
		},
		{
			"from": [5, 1, 10],
			"to": [7, 2, 11],
			"rotation": {"angle": 0, "axis": "y", "origin": [13, 9, 18]},
			"faces": {
				"north": {"uv": [0, 9, 2, 10], "texture": "#0"},
				"east": {"uv": [0, 9, 1, 10], "texture": "#0"},
				"south": {"uv": [0, 9, 2, 10], "texture": "#0"},
				"west": {"uv": [0, 9, 1, 10], "texture": "#0"},
				"down": {"uv": [0, 9, 2, 10], "texture": "#0"}
			}
		},
		{
			"from": [5, 1, 6],
			"to": [6, 2, 7],
			"rotation": {"angle": 0, "axis": "y", "origin": [13, 9, 14]},
			"faces": {
				"north": {"uv": [0, 0, 0, 0], "texture": "#0"},
				"east": {"uv": [0, 10, 1, 11], "texture": "#0"},
				"south": {"uv": [0, 10, 1, 11], "texture": "#0"},
				"west": {"uv": [0, 10, 1, 11], "texture": "#0"},
				"down": {"uv": [0, 10, 1, 11], "texture": "#0"}
			}
		},
		{
			"from": [5, 1, 9],
			"to": [6, 2, 10],
			"rotation": {"angle": 0, "axis": "y", "origin": [13, 9, 17]},
			"faces": {
				"north": {"uv": [0, 9, 1, 10], "texture": "#0"},
				"east": {"uv": [0, 10, 1, 11], "texture": "#0"},
				"south": {"uv": [0, 10, 1, 11], "texture": "#0"},
				"west": {"uv": [0, 10, 1, 11], "texture": "#0"},
				"down": {"uv": [0, 10, 1, 11], "texture": "#0"}
			}
		},
		{
			"from": [10, 1, 9],
			"to": [11, 2, 10],
			"rotation": {"angle": 0, "axis": "y", "origin": [18, 9, 17]},
			"faces": {
				"north": {"uv": [0, 9, 1, 10], "texture": "#0"},
				"east": {"uv": [0, 10, 1, 11], "texture": "#0"},
				"south": {"uv": [0, 10, 1, 11], "texture": "#0"},
				"west": {"uv": [0, 10, 1, 11], "texture": "#0"},
				"down": {"uv": [0, 10, 1, 11], "texture": "#0"}
			}
		},
		{
			"from": [10, 1, 6],
			"to": [11, 2, 7],
			"rotation": {"angle": 0, "axis": "y", "origin": [18, 9, 14]},
			"faces": {
				"north": {"uv": [0, 0, 0, 0], "texture": "#0"},
				"east": {"uv": [0, 10, 1, 11], "texture": "#0"},
				"south": {"uv": [0, 10, 1, 11], "texture": "#0"},
				"west": {"uv": [0, 10, 1, 11], "texture": "#0"},
				"down": {"uv": [0, 10, 1, 11], "texture": "#0"}
			}
		},
		{
			"name": "Chain (bottom to top)",
			"from": [6.5, 10, 7.75],
			"to": [7.5, 11, 8.25],
			"rotation": {"angle": 45, "axis": "y", "origin": [8, 8, 8]},
			"faces": {
				"north": {"uv": [11, 2, 11.98, 2.98], "rotation": 180, "texture": "#0"},
				"east": {"uv": [11, 2, 11.98, 2.98], "texture": "#0"},
				"south": {"uv": [11, 2, 11.98, 2.98], "texture": "#0"},
				"west": {"uv": [11, 2, 11.98, 2.98], "texture": "#0"},
				"up": {"uv": [0, 0, 0, 0], "texture": "#0"},
				"down": {"uv": [0, 0, 0, 0], "texture": "#0"}
			}
		},
		{
			"name": "Chain (bottom to top)",
			"from": [8.5, 10, 7.75],
			"to": [9.5, 11, 8.25],
			"rotation": {"angle": 45, "axis": "y", "origin": [8, 8, 8]},
			"faces": {
				"north": {"uv": [13, 2, 13.98, 2.98], "rotation": 180, "texture": "#0"},
				"east": {"uv": [13, 2, 13.98, 2.98], "texture": "#0"},
				"south": {"uv": [13, 2, 13.98, 2.98], "texture": "#0"},
				"west": {"uv": [13, 2, 13.98, 2.98], "texture": "#0"},
				"up": {"uv": [0, 0, 0, 0], "texture": "#0"},
				"down": {"uv": [0, 0, 0, 0], "texture": "#0"}
			}
		},
		{
			"name": "Chain (bottom to top)",
			"from": [6.5, 11, 7.75],
			"to": [9.5, 12, 8.25],
			"rotation": {"angle": 45, "axis": "y", "origin": [8, 8, 8]},
			"faces": {
				"north": {"uv": [11, 1, 13.98, 2], "rotation": 180, "texture": "#0"},
				"east": {"uv": [13, 1, 13.98, 1.98], "texture": "#0"},
				"south": {"uv": [11, 1, 13.98, 1.98], "texture": "#0"},
				"west": {"uv": [11, 1, 11.98, 1.98], "texture": "#0"},
				"up": {"uv": [11, 1, 13.98, 1.98], "texture": "#0"},
				"down": {"uv": [11, 1, 13.98, 1.98], "texture": "#0"}
			}
		},
		{
			"name": "Chain (bottom to top)",
			"from": [6.5, 11, 7.75],
			"to": [9.5, 12, 8.25],
			"rotation": {"angle": -45, "axis": "y", "origin": [8, 8, 8]},
			"faces": {
				"north": {"uv": [11, 4, 13.98, 4.98], "rotation": 180, "texture": "#0"},
				"east": {"uv": [13, 4, 13.98, 4.98], "texture": "#0"},
				"south": {"uv": [11, 4, 13.98, 4.98], "texture": "#0"},
				"west": {"uv": [11, 4, 11.98, 4.98], "texture": "#0"},
				"up": {"uv": [11, 4, 13.98, 4.98], "texture": "#0"},
				"down": {"uv": [11, 4, 13.98, 4.98], "texture": "#0"}
			}
		},
		{
			"name": "Chain (bottom to top)",
			"from": [8.5, 12, 7.75],
			"to": [9.5, 14, 8.25],
			"rotation": {"angle": -45, "axis": "y", "origin": [8, 8, 8]},
			"faces": {
				"north": {"uv": [13, 2, 13.98, 3.98], "rotation": 180, "texture": "#0"},
				"east": {"uv": [13, 2, 13.98, 3.98], "texture": "#0"},
				"south": {"uv": [13, 2, 13.98, 3.98], "texture": "#0"},
				"west": {"uv": [13, 2, 13.98, 3.98], "texture": "#0"},
				"up": {"uv": [0, 0, 0, 0], "texture": "#0"},
				"down": {"uv": [0, 0, 0, 0], "texture": "#0"}
			}
		},
		{
			"name": "Chain (bottom to top)",
			"from": [6.5, 12, 7.75],
			"to": [7.5, 14, 8.25],
			"rotation": {"angle": -45, "axis": "y", "origin": [8, 8, 8]},
			"faces": {
				"north": {"uv": [11, 2, 11.98, 3.98], "rotation": 180, "texture": "#0"},
				"east": {"uv": [11, 2, 11.98, 3.98], "texture": "#0"},
				"south": {"uv": [11, 2, 11.98, 3.98], "texture": "#0"},
				"west": {"uv": [11, 2, 11.98, 3.98], "texture": "#0"},
				"up": {"uv": [0, 0, 0, 0], "texture": "#0"},
				"down": {"uv": [0, 0, 0, 0], "texture": "#0"}
			}
		},
		{
			"name": "Chain (bottom to top)",
			"from": [6.5, 14, 7.75],
			"to": [9.5, 15, 8.25],
			"rotation": {"angle": -45, "axis": "y", "origin": [8, 8, 8]},
			"faces": {
				"north": {"uv": [11, 1, 13.98, 1.98], "rotation": 180, "texture": "#0"},
				"east": {"uv": [13, 1, 13.98, 1.98], "texture": "#0"},
				"south": {"uv": [11, 1, 13.98, 1.98], "texture": "#0"},
				"west": {"uv": [11, 1, 11.98, 1.98], "texture": "#0"},
				"up": {"uv": [11, 1, 13.98, 1.98], "texture": "#0"},
				"down": {"uv": [11, 1, 13.98, 1.98], "texture": "#0"}
			}
		},
		{
			"name": "Chain (bottom to top)",
			"from": [6.5, 14, 7.75],
			"to": [9.5, 15, 8.25],
			"rotation": {"angle": 45, "axis": "y", "origin": [8, 8, 8]},
			"faces": {
				"north": {"uv": [11, 4, 13.98, 4.98], "rotation": 180, "texture": "#0"},
				"east": {"uv": [13, 4, 13.98, 4.98], "texture": "#0"},
				"south": {"uv": [11, 4, 13.98, 4.98], "texture": "#0"},
				"west": {"uv": [11, 4, 11.98, 4.98], "texture": "#0"},
				"up": {"uv": [11, 4, 13.98, 4.98], "texture": "#0"},
				"down": {"uv": [11, 4, 13.98, 4.98], "texture": "#0"}
			}
		},
		{
			"name": "Chain (bottom to top)",
			"from": [6.5, 15, 7.75],
			"to": [7.5, 16, 8.25],
			"rotation": {"angle": 45, "axis": "y", "origin": [8, 8, 8]},
			"faces": {
				"north": {"uv": [11, 3, 11.98, 3.98], "rotation": 180, "texture": "#0"},
				"east": {"uv": [11, 3, 11.98, 3.98], "texture": "#0"},
				"south": {"uv": [11, 3, 11.98, 3.98], "texture": "#0"},
				"west": {"uv": [11, 3, 11.98, 3.98], "texture": "#0"},
				"up": {"uv": [0, 0, 0, 0], "texture": "#0"},
				"down": {"uv": [0, 0, 0, 0], "texture": "#0"}
			}
		},
		{
			"name": "Chain (bottom to top)",
			"from": [8.5, 15, 7.75],
			"to": [9.5, 16, 8.25],
			"rotation": {"angle": 45, "axis": "y", "origin": [8, 8, 8]},
			"faces": {
				"north": {"uv": [13, 3, 13.98, 3.98], "rotation": 180, "texture": "#0"},
				"east": {"uv": [13, 3, 13.98, 3.98], "texture": "#0"},
				"south": {"uv": [13, 3, 14, 4], "texture": "#0"},
				"west": {"uv": [13, 3, 13.98, 3.98], "texture": "#0"},
				"up": {"uv": [0, 0, 0, 0], "texture": "#0"},
				"down": {"uv": [0, 0, 0, 0], "texture": "#0"}
			}
		}
	],
	"display": {
		"thirdperson_righthand": {
			"rotation": [70, 0, 0],
			"translation": [0, -1.75, -1.25],
			"scale": [0.75, 0.75, 0.75]
		},
		"thirdperson_lefthand": {
			"rotation": [70, 0, 0],
			"translation": [0, -1.75, -1.25],
			"scale": [0.75, 0.75, 0.75]
		},
		"firstperson_righthand": {
			"rotation": [0, -90, 25],
			"translation": [1.13, 3.2, 1.13],
			"scale": [0.68, 0.68, 0.68]
		},
		"firstperson_lefthand": {
			"rotation": [0, -90, 25],
			"translation": [1.13, 3.2, 1.13],
			"scale": [0.68, 0.68, 0.68]
		},
		"ground": {
			"translation": [0, 5, 0]
		},
		"gui": {
			"rotation": [30, 225, 0],
			"translation": [0, 2.5, 0]
		},
		"fixed": {
			"rotation": [0, 180, 0],
			"translation": [0, 3, 0]
		}
	}
}